Unnamed: 0,subj,prop,obj,subj_id,prop_id,obj_id,s_aliases,o_aliases,s_uri,o_uri,s_wiki_title,o_wiki_title,s_pop,o_pop,question,possible_answers,paraphrases,pop,em_scores,start_scores,f1_scores,uncertainty_metric,prob
278,Shiva Nageswara Rao,occupation,film director,2566262,22,854535,"[""Siva Nageswara Rao""]","[""movie director"",""director"",""motion picture director""]",http://www.wikidata.org/entity/Q7499244,http://www.wikidata.org/entity/Q2526255,Siva Nageswara Rao,Film director,1491,45772,What is Shiva Nageswara Rao's occupation?,"[""film director"", ""movie director"", ""director"", ""motion picture director""]","['What does Shiva Nageswara Rao do for a living?', ""What is Shiva Nageswara Rao's occupation?"", ""What is Shiva Nageswara Rao's profession?"", ""What is Shiva Nageswara Rao's line of work?"", 'What job role is Shiva Nageswara Rao engaged in?', 'What career path has Shiva Nageswara Rao chosen?', 'What field of employment is Shiva Nageswara Rao part of?', ""What is Shiva Nageswara Rao's source of professional engagement?"", ""What is Shiva Nageswara Rao's vocational pursuit?"", 'What field of work is Shiva Nageswara Rao engaged in?']",47263,"[0, 0, 0, 0, 0, 0, 0, 0, 0, 0]",,"[0, 0, 0, 0, 0, 0, 0, 0, 0, 0.2857142857142857]","[0.6359848648443573, 0.9641036542361647, 0.8524537232039625, 0.6940953020402559, 0.7727362620322227, 0.8126753240168048, 0.3742008386252962, 0.5085674218363969, 0.48157271923779804, 0.527455604635817]","[0.0004131031, 0.0033356147, 0.03297547, 0.0054073194, 0.0007201902, 0.002376615, 0.024719063, 0.01939206, 0.008878684, 0.0012999864]"
194,Ron Nyswaner,occupation,film director,153170,22,854535,[],"[""movie director"",""director"",""motion picture director""]",http://www.wikidata.org/entity/Q1281149,http://www.wikidata.org/entity/Q2526255,Ron Nyswaner,Film director,1186,45772,What is Ron Nyswaner's occupation?,"[""film director"", ""movie director"", ""director"", ""motion picture director"", ""screenwriter"", ""scenarist"", ""writer"", ""screen writer"", ""script writer"", ""scriptwriter""]","['What does Ron Nyswaner do for a living?', ""What is Ron Nyswaner's occupation?"", ""What is Ron Nyswaner's profession?"", ""What is Ron Nyswaner's line of work?"", 'What job role is Ron Nyswaner engaged in?', 'What career path has Ron Nyswaner chosen?', 'What field of employment is Ron Nyswaner part of?', ""What is Ron Nyswaner's source of professional engagement?"", ""What is Ron Nyswaner's vocational pursuit?"", 'What field of work is Ron Nyswaner engaged in?']",46958,"[0, 1, 1, 1, 1, 0, 0, 0, 0, 1]",,"[0.5, 1.0, 1.0, 1.0, 1.0, 0.5, 0, 0.33333333333333337, 0.2857142857142857, 1.0]","[0.7741550074354516, 0.0, 0.05485041633685678, 0.035499619634346447, 0.04338919675437931, 0.4528808793460333, 0.4519263173803986, 0.48136704756545223, 0.5810054667905413, 0.06195769950636163]","[0.0009854377, 1.0, 0.8640046, 0.91449463, 0.8942983, 0.021705188, 0.13175248, 0.00011989794, 1.1672127e-05, 0.84458005]"
227,William Greaves,occupation,film director,2789004,22,854535,[],"[""movie director"",""director"",""motion picture director""]",http://www.wikidata.org/entity/Q8010139,http://www.wikidata.org/entity/Q2526255,William Greaves,Film director,839,45772,What is William Greaves's occupation?,"[""film director"", ""movie director"", ""director"", ""motion picture director""]","['What does William Greaves do for a living?', ""What is William Greaves's occupation?"", ""What is William Greaves's profession?"", ""What is William Greaves's line of work?"", 'What job role is William Greaves engaged in?', 'What career path has William Greaves chosen?', 'What field of employment is William Greaves part of?', ""What is William Greaves's source of professional engagement?"", ""What is William Greaves's vocational pursuit?"", 'What field of work is William Greaves engaged in?']",46611,"[0, 0, 0, 0, 0, 0, 0, 0, 0, 0]",,"[0, 0, 0, 0, 0, 0, 0, 0, 0, 0]","[0.5540504175364988, 0.3004596857201512, 0.7055848187234481, 0.5063640430137692, 0.4929076469120893, 0.6283277425891071, 0.27708521843323386, 0.38786186604331563, 0.7852816250394972, 0.45236102408872436]","[0.0008684029, 0.014092117, 0.00010289447, 0.0011433603, 0.038059946, 0.0050071143, 0.03950287, 0.09116307, 0.0007202389, 0.12841736]"
201,Mr. Porter,occupation,record producer,1367479,22,620958,"[""Denaun Montez Porter"",""Kon Artis"",""Denaun Porter""]","[""music producer""]",http://www.wikidata.org/entity/Q465127,http://www.wikidata.org/entity/Q183945,Denaun Porter,Record producer,3629,42844,What is Mr. Porter's occupation?,"[""record producer"", ""music producer""]","['What does Mr. Porter do for a living?', ""What is Mr. Porter's occupation?"", ""What is Mr. Porter's profession?"", ""What is Mr. Porter's line of work?"", 'What job role is Mr. Porter engaged in?', 'What career path has Mr. Porter chosen?', 'What field of employment is Mr. Porter part of?', ""What is Mr. Porter's source of professional engagement?"", ""What is Mr. Porter's vocational pursuit?"", 'What field of work is Mr. Porter engaged in?']",46473,"[0, 0, 0, 0, 0, 0, 0, 0, 0, 0]",,"[0, 0, 0, 0, 0, 0, 0, 0, 0, 0]","[0.5098115923211187, 0.4592482420814196, 0.045597953529562835, 0.4132237055659224, 0.48747400809641195, 0.548413866246141, 0.35245367048815635, 0.730317230414864, 0.4229229603161027, 0.828045752209494]","[0.00020552272, 0.029646346, 0.888552, 0.01000757, 0.0005336118, 2.4410836e-05, 4.8728015e-07, 0.0024994814, 0.12272095, 8.427865e-05]"
12,Fred C. Newmeyer,occupation,film director,244172,22,854535,"[""Fred Richard Newmeyer"",""Fred R. Newmeyer"",""Fred Newmeyer""]","[""movie director"",""director"",""motion picture director""]",http://www.wikidata.org/entity/Q1452243,http://www.wikidata.org/entity/Q2526255,Fred C. Newmeyer,Film director,461,45772,What is Fred C. Newmeyer's occupation?,"[""film director"", ""movie director"", ""director"", ""motion picture director"", ""film producer"", ""movie producer"", ""producer"", ""actor"", ""actress"", ""actors"", ""actresses""]","['What does Fred C. Newmeyer do for a living?', ""What is Fred C. Newmeyer's occupation?"", ""What is Fred C. Newmeyer's profession?"", ""What is Fred C. Newmeyer's line of work?"", 'What job role is Fred C. Newmeyer engaged in?', 'What career path has Fred C. Newmeyer chosen?', 'What field of employment is Fred C. Newmeyer part of?', ""What is Fred C. Newmeyer's source of professional engagement?"", ""What is Fred C. Newmeyer's vocational pursuit?"", 'What field of work is Fred C. Newmeyer engaged in?']",46233,"[0, 0, 0, 0, 0, 0, 0, 0, 0, 0]",,"[0.33333333333333337, 0.25, 0.2857142857142857, 0, 0, 0.6666666666666666, 0.2857142857142857, 0, 0, 0.2857142857142857]","[0.5525101026989729, 0.4878549860003938, 0.5574772077525914, 0.5389745503317828, 0.42640095829518576, 0.38701309789147553, 0.6159372516189263, 0.5069845877259458, 0.3661633015787278, 0.6054907367249607]","[0.001175288, 0.0068197385, 0.034342956, 0.01825641, 7.364007e-07, 0.004588161, 0.0002572648, 0.10939814, 0.03380163, 0.040686514]"
221,Mildred Okwo,occupation,film director,609900,22,854535,[],"[""movie director"",""director"",""motion picture director""]",http://www.wikidata.org/entity/Q18344870,http://www.wikidata.org/entity/Q2526255,Mildred Okwo,Film director,247,45772,What is Mildred Okwo's occupation?,"[""film director"", ""movie director"", ""director"", ""motion picture director""]","['What does Mildred Okwo do for a living?', ""What is Mildred Okwo's occupation?"", ""What is Mildred Okwo's profession?"", ""What is Mildred Okwo's line of work?"", 'What job role is Mildred Okwo engaged in?', 'What career path has Mildred Okwo chosen?', 'What field of employment is Mildred Okwo part of?', ""What is Mildred Okwo's source of professional engagement?"", ""What is Mildred Okwo's vocational pursuit?"", 'What field of work is Mildred Okwo engaged in?']",46019,"[0, 0, 0, 0, 0, 0, 0, 0, 1, 0]",,"[0, 0.5, 0, 0, 0, 0, 0, 0, 1.0, 0]","[0.6797306041691427, 0.2332010903873383, 0.3336229176744941, 0.6557257519990083, 0.23281958953659831, 0.31160603722721725, 0.9202631068680819, 0.33300857341197965, 0.15591557949159726, 0.42365960036415273]","[0.014918497, 0.03300375, 0.04159782, 3.6547194e-06, 0.00052562985, 0.026435675, 0.0005533344, 0.011519444, 0.45157242, 0.008575208]"
479,Žarko Petan,occupation,film director,1248952,22,854535,[],"[""movie director"",""director"",""motion picture director""]",http://www.wikidata.org/entity/Q393407,http://www.wikidata.org/entity/Q2526255,Žarko Petan,Film director,106,45772,What is Žarko Petan's occupation?,"[""film director"", ""movie director"", ""director"", ""motion picture director"", ""screenwriter"", ""scenarist"", ""writer"", ""screen writer"", ""script writer"", ""scriptwriter""]","['What does Žarko Petan do for a living?', ""What is Žarko Petan's occupation?"", ""What is Žarko Petan's profession?"", ""What is Žarko Petan's line of work?"", 'What job role is Žarko Petan engaged in?', 'What career path has Žarko Petan chosen?', 'What field of employment is Žarko Petan part of?', ""What is Žarko Petan's source of professional engagement?"", ""What is Žarko Petan's vocational pursuit?"", 'What field of work is Žarko Petan engaged in?']",45878,"[0, 0, 0, 0, 0, 0, 0, 0, 0, 0]",,"[0, 0, 0, 0, 0, 0, 0, 0, 0, 0]","[0.6861613197742817, 0.539738507861433, 0.5323809161736741, 0.41188722542873496, 0.43067650011119574, 0.32498655789843944, 0.6315085892560132, 0.5672785185135621, 0.5648841042508546, 0.19604819575312446]","[8.183338e-08, 0.021026257, 0.014304407, 0.037872735, 0.12437838, 0.04920183, 0.006180414, 0.04438834, 0.0001632216, 0.5267455]"
398,Eleanor Yule,occupation,film director,1752740,22,854535,[],"[""movie director"",""director"",""motion picture director""]",http://www.wikidata.org/entity/Q5354421,http://www.wikidata.org/entity/Q2526255,Eleanor Yule,Film director,103,45772,What is Eleanor Yule's occupation?,"[""film director"", ""movie director"", ""director"", ""motion picture director""]","['What does Eleanor Yule do for a living?', ""What is Eleanor Yule's occupation?"", ""What is Eleanor Yule's profession?"", ""What is Eleanor Yule's line of work?"", 'What job role is Eleanor Yule engaged in?', 'What career path has Eleanor Yule chosen?', 'What field of employment is Eleanor Yule part of?', ""What is Eleanor Yule's source of professional engagement?"", ""What is Eleanor Yule's vocational pursuit?"", 'What field of work is Eleanor Yule engaged in?']",45875,"[0, 0, 0, 0, 0, 0, 0, 0, 0, 0]",,"[0, 0, 0, 0, 0, 0, 0, 0, 0, 0]","[0.420090801924483, 0.03166234508163541, 0.6504597667490083, 0.0, 0.6424088304084645, 0.5085003884651444, 0.6199834528456489, 0.15918511644332786, 0.10431921629952136, 0.051522270832984]","[0.002420435, 0.9241419, 0.00010255767, 1.0, 0.0006714168, 3.2010598e-07, 0.04523191, 0.33690542, 0.7144868, 0.8729262]"
294,Kyaw Swe,occupation,film director,2157263,22,854535,[],"[""movie director"",""director"",""motion picture director""]",http://www.wikidata.org/entity/Q6450829,http://www.wikidata.org/entity/Q2526255,Kyaw Swe (actor),Film director,97,45772,What is Kyaw Swe's occupation?,"[""film director"", ""movie director"", ""director"", ""motion picture director"", ""actor"", ""actress"", ""actors"", ""actresses""]","['What does Kyaw Swe do for a living?', ""What is Kyaw Swe's occupation?"", ""What is Kyaw Swe's profession?"", ""What is Kyaw Swe's line of work?"", 'What job role is Kyaw Swe engaged in?', 'What career path has Kyaw Swe chosen?', 'What field of employment is Kyaw Swe part of?', ""What is Kyaw Swe's source of professional engagement?"", ""What is Kyaw Swe's vocational pursuit?"", 'What field of work is Kyaw Swe engaged in?']",45869,"[0, 0, 0, 0, 0, 0, 0, 0, 0, 0]",,"[0, 0, 0, 0, 0, 0, 0, 0, 0, 0]","[0.6116930382182206, 0.23913778883735043, 0.7665531742451538, 0.5990568461965144, 0.3972692052173424, 0.612375512314026, 0.4939283447854248, 0.43229491187908387, 0.4473665804359507, 0.43920657810377184]","[0.004232048, 0.015574826, 0.00019886973, 0.042275753, 0.16375001, 0.020631425, 0.11709886, 0.21108472, 0.0020747955, 0.13846034]"
412,Andy C,occupation,record producer,1235945,22,620958,[],"[""music producer""]",http://www.wikidata.org/entity/Q387288,http://www.wikidata.org/entity/Q183945,Andy C,Record producer,2804,42844,What is Andy C's occupation?,"[""disc jockey"", ""DJ"", ""dee jay"", ""dj"", ""D.J."", ""disk jockey"", ""dee-jay"", ""deejay"", ""disquaire"", ""discaire"", ""record producer"", ""music producer""]","['What does Andy C do for a living?', ""What is Andy C's occupation?"", ""What is Andy C's profession?"", ""What is Andy C's line of work?"", 'What job role is Andy C engaged in?', 'What career path has Andy C chosen?', 'What field of employment is Andy C part of?', ""What is Andy C's source of professional engagement?"", ""What is Andy C's vocational pursuit?"", 'What field of work is Andy C engaged in?']",45648,"[0, 0, 0, 0, 0, 0, 0, 0, 0, 0]",,"[0.4, 0, 0.5714285714285715, 0.5714285714285715, 0.2857142857142857, 0, 0, 0.28571428571428575, 0.2222222222222222, 0]","[0.5705252067484965, 0.0983892320681365, 0.5380130431751381, 0.5797727035658766, 0.6046338071626004, 0.6764545707998426, 0.7340831767772494, 0.6642887958888317, 0.41754489989802823, 0.14921962410039527]","[4.250382e-06, 0.7346325, 0.019313086, 0.016179789, 0.00015218453, 0.02430367, 7.709483e-05, 0.0014179986, 0.13708697, 0.5094322]"
416,Ski Beatz,occupation,record producer,2578644,22,620958,"[""David Willis"",""Ski"",""DJ Ski"",""MC Will-Ski"",""David Anthony Willis"",""Joe Chink""]","[""music producer""]",http://www.wikidata.org/entity/Q7534843,http://www.wikidata.org/entity/Q183945,Ski Beatz,Record producer,1017,42844,What is Ski Beatz's occupation?,"[""record producer"", ""music producer""]","['What does Ski Beatz do for a living?', ""What is Ski Beatz's occupation?"", ""What is Ski Beatz's profession?"", ""What is Ski Beatz's line of work?"", 'What job role is Ski Beatz engaged in?', 'What career path has Ski Beatz chosen?', 'What field of employment is Ski Beatz part of?', ""What is Ski Beatz's source of professional engagement?"", ""What is Ski Beatz's vocational pursuit?"", 'What field of work is Ski Beatz engaged in?']",43861,"[0, 0, 1, 0, 0, 0, 0, 0, 0, 1]",,"[0.2, 0, 1.0, 0.22222222222222224, 0.6666666666666666, 0.5714285714285715, 0, 0.3333333333333333, 0.22222222222222224, 1.0]","[0.5438881886083288, 0.13516670443025547, 0.1446764380060292, 0.5697528616226804, 0.2335955378013673, 0.6278090887611838, 0.36907162498758705, 0.7441121574410843, 0.483799470292258, 0.27156506698546956]","[0.019309048, 0.59014916, 0.5389832, 2.5687339e-05, 0.030806039, 7.050426e-05, 0.0006852332, 0.003448694, 1.7204235e-05, 0.27253756]"
189,Benjamin Mount,occupation,record producer,830098,22,620958,"[""Ben Mount"",""Verse"",""Ben the Verse"",""Ben Verse"",""The Verse"",""MC Verse"",""Pendulum Man""]","[""music producer""]",http://www.wikidata.org/entity/Q2447305,http://www.wikidata.org/entity/Q183945,Ben Mount,Record producer,758,42844,What is Benjamin Mount's occupation?,"[""record producer"", ""music producer""]","['What does Benjamin Mount do for a living?', ""What is Benjamin Mount's occupation?"", ""What is Benjamin Mount's profession?"", ""What is Benjamin Mount's line of work?"", 'What job role is Benjamin Mount engaged in?', 'What career path has Benjamin Mount chosen?', 'What field of employment is Benjamin Mount part of?', ""What is Benjamin Mount's source of professional engagement?"", ""What is Benjamin Mount's vocational pursuit?"", 'What field of work is Benjamin Mount engaged in?']",43602,"[0, 0, 0, 0, 0, 0, 0, 0, 0, 0]",,"[0, 0, 0, 0, 0, 0, 0, 0, 0, 0]","[0.48169404973616076, 0.0, 0.1263016557879577, 0.8897242377454331, 0.8384065721296341, 0.5870339772302157, 0.8869646003977396, 0.5986455178439439, 0.06661815692155462, 0.5600125234283352]","[0.00026348146, 1.0, 0.6304867, 0.0047952184, 0.0021996389, 0.02914616, 3.3568966e-05, 0.00070034264, 0.83154625, 1.0190829e-05]"
29,Albert Bates,occupation,lawyer,1399762,22,1263908,"[""Albert Kealiinui Bates""]","[""attorney"",""solicitor"",""barrister"",""lawyers""]",http://www.wikidata.org/entity/Q4709706,http://www.wikidata.org/entity/Q40348,Albert Bates,Lawyer,322,43223,What is Albert Bates's occupation?,"[""lawyer"", ""attorney"", ""solicitor"", ""barrister"", ""lawyers""]","['What does Albert Bates do for a living?', ""What is Albert Bates's occupation?"", ""What is Albert Bates's profession?"", ""What is Albert Bates's line of work?"", 'What job role is Albert Bates engaged in?', 'What career path has Albert Bates chosen?', 'What field of employment is Albert Bates part of?', ""What is Albert Bates's source of professional engagement?"", ""What is Albert Bates's vocational pursuit?"", 'What field of work is Albert Bates engaged in?']",43545,"[0, 0, 0, 0, 0, 0, 0, 0, 0, 0]",,"[0, 0, 0.2222222222222222, 0, 0, 0, 0, 0.2857142857142857, 0, 0]","[0.6641888868873096, 0.9665883635843152, 0.5320454037245971, 0.6384646677282314, 0.9035980378426414, 0.3983390423452807, 0.1513844981250009, 0.3538239031680486, 0.26104214774942197, 0.1597672566942467]","[0.014013514, 3.1307866e-07, 0.022038938, 0.0001596676, 1.7470853e-06, 0.0032046493, 0.49332973, 0.025126958, 0.0035530517, 0.36674935]"
437,John Andrew Martin,occupation,lawyer,499316,22,1263908,"[""John Martin""]","[""attorney"",""solicitor"",""barrister"",""lawyers""]",http://www.wikidata.org/entity/Q1699157,http://www.wikidata.org/entity/Q40348,John Andrew Martin,Lawyer,155,43223,What is John Andrew Martin's occupation?,"[""lawyer"", ""attorney"", ""solicitor"", ""barrister"", ""lawyers"", ""politician"", ""political leader"", ""political figure"", ""polit."", ""pol""]","['What does John Andrew Martin do for a living?', ""What is John Andrew Martin's occupation?"", ""What is John Andrew Martin's profession?"", ""What is John Andrew Martin's line of work?"", 'What job role is John Andrew Martin engaged in?', 'What career path has John Andrew Martin chosen?', 'What field of employment is John Andrew Martin part of?', ""What is John Andrew Martin's source of professional engagement?"", ""What is John Andrew Martin's vocational pursuit?"", 'What field of work is John Andrew Martin engaged in?']",43378,"[0, 0, 0, 0, 0, 0, 0, 0, 0, 0]",,"[0, 0, 0.25, 0, 0, 0, 0, 0.2222222222222222, 0, 0.2857142857142857]","[0.8050665793269931, 0.7348753802325446, 0.5254227277384245, 0.2134471412252943, 0.6701426526556313, 0.6382138626877152, 0.5387631589118708, 0.4264187331215685, 0.14927888320599267, 0.5539587234243766]","[7.5183316e-06, 0.007470286, 0.0073102, 7.314551e-05, 0.0034561509, 0.014687795, 0.00010405903, 0.14106356, 0.5090125, 0.0005884294]"
413,Frequency,occupation,record producer,1826643,22,620958,[],"[""music producer""]",http://www.wikidata.org/entity/Q5502846,http://www.wikidata.org/entity/Q183945,Frequency (record producer),Record producer,514,42844,What is Frequency's occupation?,"[""disc jockey"", ""DJ"", ""dee jay"", ""dj"", ""D.J."", ""disk jockey"", ""dee-jay"", ""deejay"", ""disquaire"", ""discaire"", ""record producer"", ""music producer""]","['What does Frequency do for a living?', ""What is Frequency's occupation?"", ""What is Frequency's profession?"", ""What is Frequency's line of work?"", 'What job role is Frequency engaged in?', 'What career path has Frequency chosen?', 'What field of employment is Frequency part of?', ""What is Frequency's source of professional engagement?"", ""What is Frequency's vocational pursuit?"", 'What field of work is Frequency engaged in?']",43358,"[0, 0, 0, 0, 0, 0, 0, 0, 0, 0]",,"[0, 0, 0, 0, 0, 0, 0, 0.28571428571428575, 0, 0]","[0.4118456334410371, 0.6914799481072413, 0.8275876181045058, 0.5613171206333702, 0.5979206964893793, 0.6948071056251, 0.630747979853133, 0.4628000197580917, 0.12812485502905643, 0.4934807289636627]","[0.1380341, 0.0018274933, 0.0006745041, 7.970186e-05, 1.3699064e-05, 4.7105354e-06, 0.010494912, 0.0006676232, 0.6226024, 0.0014655408]"
24,"Harvey Peltier, Sr.",occupation,lawyer,357837,22,1263908,[],"[""attorney"",""solicitor"",""barrister"",""lawyers""]",http://www.wikidata.org/entity/Q16008268,http://www.wikidata.org/entity/Q40348,Harvey Peltier Sr.,Lawyer,103,43223,"What is Harvey Peltier, Sr.'s occupation?","[""lawyer"", ""attorney"", ""solicitor"", ""barrister"", ""lawyers"", ""politician"", ""political leader"", ""political figure"", ""polit."", ""pol""]","['What does Harvey Peltier, Sr. do for a living?', ""What is Harvey Peltier, Sr.'s occupation?"", ""What is Harvey Peltier, Sr.'s profession?"", ""What is Harvey Peltier, Sr.'s line of work?"", 'What job role is Harvey Peltier, Sr. engaged in?', 'What career path has Harvey Peltier, Sr. chosen?', 'What field of employment is Harvey Peltier, Sr. part of?', ""What is Harvey Peltier, Sr.'s source of professional engagement?"", ""What is Harvey Peltier, Sr.'s vocational pursuit?"", 'What field of work is Harvey Peltier, Sr. engaged in?']",43326,"[0, 0, 0, 0, 0, 0, 0, 0, 0, 0]",,"[0, 0, 0.2222222222222222, 0.2222222222222222, 0, 0.25, 0.6666666666666666, 0, 0, 0.2222222222222222]","[0.5161817525432759, 0.5231616370338937, 0.2932377970519806, 0.5732385778471422, 0.5254769656998602, 0.6194639523370302, 0.5809593111072376, 0.5282021386068578, 0.48368590262240885, 0.34236155672345275]","[0.097018056, 0.0011658972, 0.010814213, 0.03798754, 0.012472587, 0.009892237, 0.0002718888, 0.0044411244, 0.12226181, 0.008805427]"
168,T Power,occupation,record producer,448026,22,620958,[],"[""music producer""]",http://www.wikidata.org/entity/Q16734680,http://www.wikidata.org/entity/Q183945,T Power,Record producer,406,42844,What is T Power's occupation?,"[""record producer"", ""music producer""]","['What does T Power do for a living?', ""What is T Power's occupation?"", ""What is T Power's profession?"", ""What is T Power's line of work?"", 'What job role is T Power engaged in?', 'What career path has T Power chosen?', 'What field of employment is T Power part of?', ""What is T Power's source of professional engagement?"", ""What is T Power's vocational pursuit?"", 'What field of work is T Power engaged in?']",43250,"[0, 0, 0, 0, 0, 0, 0, 0, 0, 0]",,"[0, 0, 0, 0, 0, 0, 0.22222222222222224, 0, 0, 0.2]","[0.6102572720671925, 0.09398620498420115, 0.5790415205375083, 0.1554650909017846, 0.38220167674899863, 0.571190046569474, 0.6476344346831144, 0.5789018789605466, 0.6040870483720349, 0.6177582910826559]","[1.5929412e-05, 0.74908715, 6.196718e-05, 0.45650205, 0.0029805936, 0.0040050247, 0.00031565924, 0.034773484, 0.013497862, 0.0011012254]"
31,Wise,occupation,record producer,2798519,22,620958,"[""Leonardo Roman""]","[""music producer""]",http://www.wikidata.org/entity/Q8027436,http://www.wikidata.org/entity/Q183945,Wise (Stetsasonic),Record producer,396,42844,What is Wise's occupation?,"[""record producer"", ""music producer""]","['What does Wise do for a living?', ""What is Wise's occupation?"", ""What is Wise's profession?"", ""What is Wise's line of work?"", 'What job role is Wise engaged in?', 'What career path has Wise chosen?', 'What field of employment is Wise part of?', ""What is Wise's source of professional engagement?"", ""What is Wise's vocational pursuit?"", 'What field of work is Wise engaged in?']",43240,"[0, 0, 0, 0, 0, 0, 0, 0, 0, 0]",,"[0, 0, 0, 0, 0, 0, 0, 0, 0, 0]","[0.8085332974355572, 0.4317485821619734, 0.49124792620998814, 0.5403291798340266, 0.6008711454339096, 0.6773048239149804, 0.5523554489661094, 0.42386993860526856, 0.13732217140848724, 0.6755986841834489]","[6.774321e-08, 0.0009268486, 0.11905321, 0.017904723, 3.4598048e-05, 0.0021623464, 0.00043789242, 0.039962403, 0.579441, 0.0036029192]"
374,Switch,occupation,disc jockey,1021941,22,163605,"[""David James Andrew Taylor"",""David Taylor"",""DJAT"",""Solid Groove"",""Modeler""]","[""DJ"",""dee jay"",""dj"",""D.J."",""disk jockey"",""dee-jay"",""deejay"",""disquaire"",""discaire""]",http://www.wikidata.org/entity/Q3101707,http://www.wikidata.org/entity/Q130857,Switch (songwriter),Disc jockey,2488,38478,What is Switch's occupation?,"[""disc jockey"", ""DJ"", ""dee jay"", ""dj"", ""D.J."", ""disk jockey"", ""dee-jay"", ""deejay"", ""disquaire"", ""discaire""]","['What does Switch do for a living?', ""What is Switch's occupation?"", ""What is Switch's profession?"", ""What is Switch's line of work?"", 'What job role is Switch engaged in?', 'What career path has Switch chosen?', 'What field of employment is Switch part of?', ""What is Switch's source of professional engagement?"", ""What is Switch's vocational pursuit?"", 'What field of work is Switch engaged in?']",40966,"[0, 0, 0, 0, 0, 0, 0, 0, 0, 0]",,"[0, 0, 0, 0, 0, 0, 0, 0, 0, 0]","[0.6924223871089639, 0.09419380258089444, 0.5123183706740254, 0.1449305686072176, 0.6996370530868339, 0.4814079694834355, 0.5104847711035181, 0.6131103388649748, 0.9240450189762991, 0.6368974432107659]","[0.012743204, 0.7484145, 0.103867956, 0.53744537, 0.009292357, 0.00013786423, 0.020251505, 0.062498536, 3.9588253e-05, 0.008002227]"
207,Aim,occupation,disc jockey,704058,22,163605,[],"[""DJ"",""dee jay"",""dj"",""D.J."",""disk jockey"",""dee-jay"",""deejay"",""disquaire"",""discaire""]",http://www.wikidata.org/entity/Q2003140,http://www.wikidata.org/entity/Q130857,Aim (musician),Disc jockey,1155,38478,What is Aim's occupation?,"[""disc jockey"", ""DJ"", ""dee jay"", ""dj"", ""D.J."", ""disk jockey"", ""dee-jay"", ""deejay"", ""disquaire"", ""discaire""]","['What does Aim do for a living?', ""What is Aim's occupation?"", ""What is Aim's profession?"", ""What is Aim's line of work?"", 'What job role is Aim engaged in?', 'What career path has Aim chosen?', 'What field of employment is Aim part of?', ""What is Aim's source of professional engagement?"", ""What is Aim's vocational pursuit?"", 'What field of work is Aim engaged in?']",39633,"[0, 0, 0, 0, 0, 0, 0, 0, 0, 0]",,"[0, 0, 0, 0, 0, 0, 0, 0, 0, 0]","[0.5861309243717544, 0.08310496259423802, 0.7320328060311623, 0.6047106316839528, 0.6514959104730764, 0.6093542616029687, 0.692598626321763, 0.8222136906279216, 0.6273987497794655, 0.7774038449050931]","[0.054156195, 0.7832425, 0.019061213, 0.043155998, 0.029326899, 0.00024941284, 0.0036481612, 0.00049089047, 0.012155724, 0.008139193]"
